,filename,prediction
0,Image_1.jpg,sunflower
1,Image_10.jpg,dandelion
2,Image_100.jpg,daisy
3,Image_101.jpg,sunflower
4,Image_102.jpg,daisy
5,Image_103.jpg,daisy
6,Image_104.jpg,tulip
7,Image_105.jpg,tulip
8,Image_106.jpg,dandelion
9,Image_107.jpg,sunflower
10,Image_108.jpg,daisy
11,Image_109.jpg,sunflower
12,Image_11.jpg,tulip
13,Image_110.jpg,tulip
14,Image_111.jpg,dandelion
15,Image_112.jpg,sunflower
16,Image_113.jpg,daisy
17,Image_114.jpg,dandelion
18,Image_115.jpg,dandelion
19,Image_116.jpg,sunflower
20,Image_117.jpg,tulip
21,Image_118.jpg,rose
22,Image_119.jpg,tulip
23,Image_12.jpg,daisy
24,Image_120.jpg,dandelion
25,Image_121.jpg,dandelion
26,Image_122.jpg,tulip
27,Image_123.jpg,rose
28,Image_124.jpg,rose
29,Image_125.jpg,dandelion
30,Image_126.jpg,sunflower
31,Image_127.jpg,tulip
32,Image_128.jpg,rose
33,Image_129.jpg,daisy
34,Image_13.jpg,dandelion
35,Image_130.jpg,daisy
36,Image_131.jpg,dandelion
37,Image_132.jpg,tulip
38,Image_133.jpg,sunflower
39,Image_134.jpg,rose
40,Image_135.jpg,rose
41,Image_136.jpg,dandelion
42,Image_137.jpg,daisy
43,Image_138.jpg,tulip
44,Image_139.jpg,tulip
45,Image_14.jpg,rose
46,Image_140.jpg,dandelion
47,Image_141.jpg,rose
48,Image_142.jpg,dandelion
49,Image_143.jpg,daisy
50,Image_144.jpg,rose
51,Image_145.jpg,dandelion
52,Image_146.jpg,dandelion
53,Image_147.jpg,sunflower
54,Image_148.jpg,rose
55,Image_149.jpg,tulip
56,Image_15.jpg,tulip
57,Image_150.jpg,tulip
58,Image_151.jpg,dandelion
59,Image_152.jpg,daisy
60,Image_153.jpg,tulip
61,Image_154.jpg,dandelion
62,Image_155.jpg,tulip
63,Image_156.jpg,daisy
64,Image_157.jpg,tulip
65,Image_158.jpg,dandelion
66,Image_159.jpg,dandelion
67,Image_16.jpg,dandelion
68,Image_160.jpg,sunflower
69,Image_161.jpg,tulip
70,Image_162.jpg,tulip
71,Image_163.jpg,dandelion
72,Image_164.jpg,dandelion
73,Image_165.jpg,tulip
74,Image_166.jpg,daisy
75,Image_167.jpg,daisy
76,Image_168.jpg,rose
77,Image_169.jpg,sunflower
78,Image_17.jpg,rose
79,Image_170.jpg,dandelion
80,Image_171.jpg,sunflower
81,Image_172.jpg,daisy
82,Image_173.jpg,rose
83,Image_174.jpg,rose
84,Image_175.jpg,sunflower
85,Image_176.jpg,dandelion
86,Image_177.jpg,dandelion
87,Image_178.jpg,dandelion
88,Image_179.jpg,dandelion
89,Image_18.jpg,tulip
90,Image_180.jpg,daisy
91,Image_181.jpg,sunflower
92,Image_182.jpg,daisy
93,Image_183.jpg,dandelion
94,Image_184.jpg,sunflower
95,Image_185.jpg,tulip
96,Image_186.jpg,sunflower
97,Image_187.jpg,sunflower
98,Image_188.jpg,dandelion
99,Image_189.jpg,daisy
100,Image_19.jpg,dandelion
101,Image_190.jpg,tulip
102,Image_191.jpg,dandelion
103,Image_192.jpg,sunflower
104,Image_193.jpg,dandelion
105,Image_194.jpg,dandelion
106,Image_195.jpg,tulip
107,Image_196.jpg,dandelion
108,Image_197.jpg,sunflower
109,Image_198.jpg,dandelion
110,Image_199.jpg,tulip
111,Image_2.jpg,sunflower
112,Image_20.jpg,dandelion
113,Image_200.jpg,sunflower
114,Image_201.jpg,dandelion
115,Image_202.jpg,rose
116,Image_203.jpg,tulip
117,Image_204.jpg,sunflower
118,Image_205.jpg,dandelion
119,Image_206.jpg,rose
120,Image_207.jpg,tulip
121,Image_208.jpg,tulip
122,Image_209.jpg,rose
123,Image_21.jpg,dandelion
124,Image_210.jpg,tulip
125,Image_211.jpg,tulip
126,Image_212.jpg,daisy
127,Image_213.jpg,rose
128,Image_214.jpg,daisy
129,Image_215.jpg,rose
130,Image_216.jpg,dandelion
131,Image_217.jpg,daisy
132,Image_218.jpg,dandelion
133,Image_219.jpg,daisy
134,Image_22.jpg,rose
135,Image_220.jpg,rose
136,Image_221.jpg,sunflower
137,Image_222.jpg,rose
138,Image_223.jpg,sunflower
139,Image_224.jpg,tulip
140,Image_225.jpg,dandelion
141,Image_226.jpg,tulip
142,Image_227.jpg,dandelion
143,Image_228.jpg,daisy
144,Image_229.jpg,daisy
145,Image_23.jpg,daisy
146,Image_230.jpg,tulip
147,Image_231.jpg,sunflower
148,Image_232.jpg,dandelion
149,Image_233.jpg,tulip
150,Image_234.jpg,dandelion
151,Image_235.jpg,tulip
152,Image_236.jpg,dandelion
153,Image_237.jpg,sunflower
154,Image_238.jpg,sunflower
155,Image_239.jpg,daisy
156,Image_24.jpg,tulip
157,Image_240.jpg,rose
158,Image_241.jpg,sunflower
159,Image_242.jpg,rose
160,Image_243.jpg,tulip
161,Image_244.jpg,rose
162,Image_245.jpg,sunflower
163,Image_246.jpg,dandelion
164,Image_247.jpg,tulip
165,Image_248.jpg,daisy
166,Image_249.jpg,daisy
167,Image_25.jpg,sunflower
168,Image_250.jpg,tulip
169,Image_251.jpg,dandelion
170,Image_252.jpg,sunflower
171,Image_253.jpg,rose
172,Image_254.jpg,rose
173,Image_255.jpg,dandelion
174,Image_256.jpg,daisy
175,Image_257.jpg,dandelion
176,Image_258.jpg,rose
177,Image_259.jpg,tulip
178,Image_26.jpg,dandelion
179,Image_260.jpg,daisy
180,Image_261.jpg,tulip
181,Image_262.jpg,dandelion
182,Image_263.jpg,dandelion
183,Image_264.jpg,daisy
184,Image_265.jpg,tulip
185,Image_266.jpg,daisy
186,Image_267.jpg,sunflower
187,Image_268.jpg,sunflower
188,Image_269.jpg,tulip
189,Image_27.jpg,daisy
190,Image_270.jpg,dandelion
191,Image_271.jpg,tulip
192,Image_272.jpg,dandelion
193,Image_273.jpg,tulip
194,Image_274.jpg,tulip
195,Image_275.jpg,sunflower
196,Image_276.jpg,tulip
197,Image_277.jpg,daisy
198,Image_278.jpg,tulip
199,Image_279.jpg,tulip
200,Image_28.jpg,tulip
201,Image_280.jpg,rose
202,Image_281.jpg,daisy
203,Image_282.jpg,tulip
204,Image_283.jpg,sunflower
205,Image_284.jpg,tulip
206,Image_285.jpg,dandelion
207,Image_286.jpg,dandelion
208,Image_287.jpg,tulip
209,Image_288.jpg,dandelion
210,Image_289.jpg,tulip
211,Image_29.jpg,dandelion
212,Image_290.jpg,tulip
213,Image_291.jpg,sunflower
214,Image_292.jpg,tulip
215,Image_293.jpg,dandelion
216,Image_294.jpg,tulip
217,Image_295.jpg,tulip
218,Image_296.jpg,dandelion
219,Image_297.jpg,sunflower
220,Image_298.jpg,dandelion
221,Image_299.jpg,dandelion
222,Image_3.jpg,dandelion
223,Image_30.jpg,sunflower
224,Image_300.jpg,tulip
225,Image_301.jpg,dandelion
226,Image_302.jpg,rose
227,Image_303.jpg,daisy
228,Image_304.jpg,rose
229,Image_305.jpg,dandelion
230,Image_306.jpg,tulip
231,Image_307.jpg,tulip
232,Image_308.jpg,dandelion
233,Image_309.jpg,tulip
234,Image_31.jpg,dandelion
235,Image_310.jpg,tulip
236,Image_311.jpg,sunflower
237,Image_312.jpg,tulip
238,Image_313.jpg,dandelion
239,Image_314.jpg,daisy
240,Image_315.jpg,rose
241,Image_316.jpg,daisy
242,Image_317.jpg,sunflower
243,Image_318.jpg,dandelion
244,Image_319.jpg,daisy
245,Image_32.jpg,tulip
246,Image_320.jpg,dandelion
247,Image_321.jpg,sunflower
248,Image_322.jpg,dandelion
249,Image_323.jpg,dandelion
250,Image_324.jpg,tulip
251,Image_325.jpg,sunflower
252,Image_326.jpg,sunflower
253,Image_327.jpg,daisy
254,Image_328.jpg,tulip
255,Image_329.jpg,tulip
256,Image_33.jpg,daisy
257,Image_330.jpg,tulip
258,Image_331.jpg,dandelion
259,Image_332.jpg,dandelion
260,Image_333.jpg,tulip
261,Image_334.jpg,dandelion
262,Image_335.jpg,tulip
263,Image_336.jpg,dandelion
264,Image_337.jpg,dandelion
265,Image_338.jpg,rose
266,Image_339.jpg,tulip
267,Image_34.jpg,rose
268,Image_340.jpg,rose
269,Image_341.jpg,daisy
270,Image_342.jpg,tulip
271,Image_343.jpg,tulip
272,Image_344.jpg,sunflower
273,Image_345.jpg,rose
274,Image_346.jpg,sunflower
275,Image_347.jpg,tulip
276,Image_348.jpg,dandelion
277,Image_349.jpg,sunflower
278,Image_35.jpg,dandelion
279,Image_350.jpg,sunflower
280,Image_351.jpg,dandelion
281,Image_352.jpg,dandelion
282,Image_353.jpg,dandelion
283,Image_354.jpg,tulip
284,Image_355.jpg,tulip
285,Image_356.jpg,dandelion
286,Image_357.jpg,dandelion
287,Image_358.jpg,dandelion
288,Image_359.jpg,tulip
289,Image_36.jpg,daisy
290,Image_360.jpg,tulip
291,Image_361.jpg,dandelion
292,Image_362.jpg,dandelion
293,Image_363.jpg,sunflower
294,Image_364.jpg,sunflower
295,Image_365.jpg,sunflower
296,Image_366.jpg,sunflower
297,Image_367.jpg,dandelion
298,Image_368.jpg,sunflower
299,Image_369.jpg,tulip
300,Image_37.jpg,tulip
301,Image_370.jpg,dandelion
302,Image_371.jpg,tulip
303,Image_372.jpg,rose
304,Image_373.jpg,daisy
305,Image_374.jpg,rose
306,Image_375.jpg,sunflower
307,Image_376.jpg,dandelion
308,Image_377.jpg,tulip
309,Image_378.jpg,sunflower
310,Image_379.jpg,sunflower
311,Image_38.jpg,dandelion
312,Image_380.jpg,tulip
313,Image_381.jpg,sunflower
314,Image_382.jpg,tulip
315,Image_383.jpg,sunflower
316,Image_384.jpg,dandelion
317,Image_385.jpg,tulip
318,Image_386.jpg,tulip
319,Image_387.jpg,tulip
320,Image_388.jpg,rose
321,Image_389.jpg,tulip
322,Image_39.jpg,rose
323,Image_390.jpg,sunflower
324,Image_391.jpg,sunflower
325,Image_392.jpg,sunflower
326,Image_393.jpg,dandelion
327,Image_394.jpg,tulip
328,Image_395.jpg,dandelion
329,Image_396.jpg,dandelion
330,Image_397.jpg,rose
331,Image_398.jpg,dandelion
332,Image_399.jpg,daisy
333,Image_4.jpg,tulip
334,Image_40.jpg,dandelion
335,Image_400.jpg,daisy
336,Image_401.jpg,sunflower
337,Image_402.jpg,tulip
338,Image_403.jpg,tulip
339,Image_404.jpg,dandelion
340,Image_405.jpg,tulip
341,Image_406.jpg,dandelion
342,Image_407.jpg,dandelion
343,Image_408.jpg,daisy
344,Image_409.jpg,daisy
345,Image_41.jpg,dandelion
346,Image_410.jpg,tulip
347,Image_411.jpg,sunflower
348,Image_412.jpg,sunflower
349,Image_413.jpg,rose
350,Image_414.jpg,dandelion
351,Image_415.jpg,tulip
352,Image_416.jpg,sunflower
353,Image_417.jpg,tulip
354,Image_418.jpg,tulip
355,Image_419.jpg,dandelion
356,Image_42.jpg,rose
357,Image_420.jpg,sunflower
358,Image_421.jpg,tulip
359,Image_422.jpg,tulip
360,Image_423.jpg,dandelion
361,Image_424.jpg,dandelion
362,Image_425.jpg,rose
363,Image_426.jpg,daisy
364,Image_427.jpg,tulip
365,Image_428.jpg,sunflower
366,Image_429.jpg,rose
367,Image_43.jpg,dandelion
368,Image_430.jpg,daisy
369,Image_431.jpg,rose
370,Image_432.jpg,tulip
371,Image_433.jpg,tulip
372,Image_434.jpg,dandelion
373,Image_435.jpg,dandelion
374,Image_436.jpg,daisy
375,Image_437.jpg,tulip
376,Image_438.jpg,tulip
377,Image_439.jpg,rose
378,Image_44.jpg,rose
379,Image_440.jpg,dandelion
380,Image_441.jpg,rose
381,Image_442.jpg,tulip
382,Image_443.jpg,tulip
383,Image_444.jpg,tulip
384,Image_445.jpg,tulip
385,Image_446.jpg,rose
386,Image_447.jpg,daisy
387,Image_448.jpg,sunflower
388,Image_449.jpg,dandelion
389,Image_45.jpg,rose
390,Image_450.jpg,tulip
391,Image_451.jpg,tulip
392,Image_452.jpg,dandelion
393,Image_453.jpg,dandelion
394,Image_454.jpg,rose
395,Image_455.jpg,sunflower
396,Image_456.jpg,tulip
397,Image_457.jpg,daisy
398,Image_458.jpg,rose
399,Image_459.jpg,rose
400,Image_46.jpg,dandelion
401,Image_460.jpg,dandelion
402,Image_461.jpg,dandelion
403,Image_462.jpg,dandelion
404,Image_463.jpg,rose
405,Image_464.jpg,dandelion
406,Image_465.jpg,dandelion
407,Image_466.jpg,daisy
408,Image_467.jpg,dandelion
409,Image_468.jpg,sunflower
410,Image_469.jpg,sunflower
411,Image_47.jpg,sunflower
412,Image_470.jpg,tulip
413,Image_471.jpg,rose
414,Image_472.jpg,sunflower
415,Image_473.jpg,dandelion
416,Image_474.jpg,dandelion
417,Image_475.jpg,tulip
418,Image_476.jpg,dandelion
419,Image_477.jpg,daisy
420,Image_478.jpg,tulip
421,Image_479.jpg,dandelion
422,Image_48.jpg,sunflower
423,Image_480.jpg,sunflower
424,Image_481.jpg,daisy
425,Image_482.jpg,dandelion
426,Image_483.jpg,daisy
427,Image_484.jpg,tulip
428,Image_485.jpg,daisy
429,Image_486.jpg,dandelion
430,Image_487.jpg,dandelion
431,Image_488.jpg,dandelion
432,Image_489.jpg,sunflower
433,Image_49.jpg,sunflower
434,Image_490.jpg,dandelion
435,Image_491.jpg,tulip
436,Image_492.jpg,sunflower
437,Image_493.jpg,sunflower
438,Image_494.jpg,tulip
439,Image_495.jpg,rose
440,Image_496.jpg,dandelion
441,Image_497.jpg,daisy
442,Image_498.jpg,daisy
443,Image_499.jpg,daisy
444,Image_5.jpg,rose
445,Image_50.jpg,daisy
446,Image_500.jpg,dandelion
447,Image_501.jpg,sunflower
448,Image_502.jpg,tulip
449,Image_503.jpg,daisy
450,Image_504.jpg,tulip
451,Image_505.jpg,dandelion
452,Image_506.jpg,dandelion
453,Image_507.jpg,sunflower
454,Image_508.jpg,sunflower
455,Image_509.jpg,daisy
456,Image_51.jpg,dandelion
457,Image_510.jpg,dandelion
458,Image_511.jpg,rose
459,Image_512.jpg,daisy
460,Image_513.jpg,rose
461,Image_514.jpg,tulip
462,Image_515.jpg,daisy
463,Image_516.jpg,tulip
464,Image_517.jpg,tulip
465,Image_518.jpg,sunflower
466,Image_519.jpg,daisy
467,Image_52.jpg,dandelion
468,Image_520.jpg,dandelion
469,Image_521.jpg,dandelion
470,Image_522.jpg,tulip
471,Image_523.jpg,sunflower
472,Image_524.jpg,tulip
473,Image_525.jpg,rose
474,Image_526.jpg,dandelion
475,Image_527.jpg,tulip
476,Image_528.jpg,daisy
477,Image_529.jpg,daisy
478,Image_53.jpg,sunflower
479,Image_530.jpg,rose
480,Image_531.jpg,tulip
481,Image_532.jpg,sunflower
482,Image_533.jpg,daisy
483,Image_534.jpg,sunflower
484,Image_535.jpg,rose
485,Image_536.jpg,dandelion
486,Image_537.jpg,dandelion
487,Image_538.jpg,tulip
488,Image_539.jpg,sunflower
489,Image_54.jpg,dandelion
490,Image_540.jpg,sunflower
491,Image_541.jpg,daisy
492,Image_542.jpg,tulip
493,Image_543.jpg,tulip
494,Image_544.jpg,dandelion
495,Image_545.jpg,tulip
496,Image_546.jpg,rose
497,Image_547.jpg,sunflower
498,Image_548.jpg,daisy
499,Image_549.jpg,daisy
500,Image_55.jpg,dandelion
501,Image_550.jpg,daisy
502,Image_551.jpg,sunflower
503,Image_552.jpg,tulip
504,Image_553.jpg,dandelion
505,Image_554.jpg,dandelion
506,Image_555.jpg,rose
507,Image_556.jpg,sunflower
508,Image_557.jpg,tulip
509,Image_558.jpg,rose
510,Image_559.jpg,rose
511,Image_56.jpg,sunflower
512,Image_560.jpg,sunflower
513,Image_561.jpg,sunflower
514,Image_562.jpg,daisy
515,Image_563.jpg,daisy
516,Image_564.jpg,sunflower
517,Image_565.jpg,dandelion
518,Image_566.jpg,daisy
519,Image_567.jpg,sunflower
520,Image_568.jpg,dandelion
521,Image_569.jpg,tulip
522,Image_57.jpg,rose
523,Image_570.jpg,dandelion
524,Image_571.jpg,daisy
525,Image_572.jpg,sunflower
526,Image_573.jpg,tulip
527,Image_574.jpg,tulip
528,Image_575.jpg,dandelion
529,Image_576.jpg,daisy
530,Image_577.jpg,tulip
531,Image_578.jpg,tulip
532,Image_579.jpg,dandelion
533,Image_58.jpg,daisy
534,Image_580.jpg,tulip
535,Image_581.jpg,dandelion
536,Image_582.jpg,daisy
537,Image_583.jpg,tulip
538,Image_584.jpg,rose
539,Image_585.jpg,dandelion
540,Image_586.jpg,rose
541,Image_587.jpg,tulip
542,Image_588.jpg,daisy
543,Image_589.jpg,rose
544,Image_59.jpg,sunflower
545,Image_590.jpg,dandelion
546,Image_591.jpg,tulip
547,Image_592.jpg,dandelion
548,Image_593.jpg,sunflower
549,Image_594.jpg,dandelion
550,Image_595.jpg,rose
551,Image_596.jpg,dandelion
552,Image_597.jpg,tulip
553,Image_598.jpg,sunflower
554,Image_599.jpg,sunflower
555,Image_6.jpg,tulip
556,Image_60.jpg,sunflower
557,Image_600.jpg,rose
558,Image_601.jpg,dandelion
559,Image_602.jpg,dandelion
560,Image_603.jpg,sunflower
561,Image_604.jpg,sunflower
562,Image_605.jpg,daisy
563,Image_606.jpg,rose
564,Image_607.jpg,tulip
565,Image_608.jpg,dandelion
566,Image_609.jpg,tulip
567,Image_61.jpg,rose
568,Image_610.jpg,sunflower
569,Image_611.jpg,sunflower
570,Image_612.jpg,tulip
571,Image_613.jpg,dandelion
572,Image_614.jpg,dandelion
573,Image_615.jpg,sunflower
574,Image_616.jpg,daisy
575,Image_617.jpg,tulip
576,Image_618.jpg,rose
577,Image_619.jpg,sunflower
578,Image_62.jpg,dandelion
579,Image_620.jpg,tulip
580,Image_621.jpg,dandelion
581,Image_622.jpg,rose
582,Image_623.jpg,tulip
583,Image_624.jpg,dandelion
584,Image_625.jpg,daisy
585,Image_626.jpg,sunflower
586,Image_627.jpg,daisy
587,Image_628.jpg,daisy
588,Image_629.jpg,daisy
589,Image_63.jpg,dandelion
590,Image_630.jpg,daisy
591,Image_631.jpg,rose
592,Image_632.jpg,sunflower
593,Image_633.jpg,sunflower
594,Image_634.jpg,dandelion
595,Image_635.jpg,daisy
596,Image_636.jpg,dandelion
597,Image_637.jpg,rose
598,Image_638.jpg,rose
599,Image_639.jpg,dandelion
600,Image_64.jpg,dandelion
601,Image_640.jpg,tulip
602,Image_641.jpg,tulip
603,Image_642.jpg,dandelion
604,Image_643.jpg,rose
605,Image_644.jpg,dandelion
606,Image_645.jpg,sunflower
607,Image_646.jpg,rose
608,Image_647.jpg,tulip
609,Image_648.jpg,tulip
610,Image_649.jpg,daisy
611,Image_65.jpg,sunflower
612,Image_650.jpg,sunflower
613,Image_651.jpg,rose
614,Image_652.jpg,rose
615,Image_653.jpg,sunflower
616,Image_654.jpg,daisy
617,Image_655.jpg,tulip
618,Image_656.jpg,daisy
619,Image_657.jpg,tulip
620,Image_658.jpg,rose
621,Image_659.jpg,tulip
622,Image_66.jpg,dandelion
623,Image_660.jpg,tulip
624,Image_661.jpg,daisy
625,Image_662.jpg,daisy
626,Image_663.jpg,daisy
627,Image_664.jpg,sunflower
628,Image_665.jpg,tulip
629,Image_666.jpg,tulip
630,Image_667.jpg,dandelion
631,Image_668.jpg,dandelion
632,Image_669.jpg,tulip
633,Image_67.jpg,daisy
634,Image_670.jpg,dandelion
635,Image_671.jpg,tulip
636,Image_672.jpg,dandelion
637,Image_673.jpg,sunflower
638,Image_674.jpg,rose
639,Image_675.jpg,sunflower
640,Image_676.jpg,dandelion
641,Image_677.jpg,sunflower
642,Image_678.jpg,sunflower
643,Image_679.jpg,daisy
644,Image_68.jpg,dandelion
645,Image_680.jpg,rose
646,Image_681.jpg,sunflower
647,Image_682.jpg,daisy
648,Image_683.jpg,dandelion
649,Image_684.jpg,daisy
650,Image_685.jpg,sunflower
651,Image_686.jpg,rose
652,Image_687.jpg,daisy
653,Image_688.jpg,dandelion
654,Image_689.jpg,tulip
655,Image_69.jpg,tulip
656,Image_690.jpg,dandelion
657,Image_691.jpg,tulip
658,Image_692.jpg,tulip
659,Image_693.jpg,tulip
660,Image_694.jpg,dandelion
661,Image_695.jpg,dandelion
662,Image_696.jpg,tulip
663,Image_697.jpg,tulip
664,Image_698.jpg,dandelion
665,Image_699.jpg,rose
666,Image_7.jpg,dandelion
667,Image_70.jpg,tulip
668,Image_700.jpg,sunflower
669,Image_701.jpg,dandelion
670,Image_702.jpg,tulip
671,Image_703.jpg,sunflower
672,Image_704.jpg,daisy
673,Image_705.jpg,rose
674,Image_706.jpg,sunflower
675,Image_707.jpg,dandelion
676,Image_708.jpg,daisy
677,Image_709.jpg,rose
678,Image_71.jpg,daisy
679,Image_710.jpg,daisy
680,Image_711.jpg,dandelion
681,Image_712.jpg,dandelion
682,Image_713.jpg,rose
683,Image_714.jpg,dandelion
684,Image_715.jpg,sunflower
685,Image_716.jpg,daisy
686,Image_717.jpg,dandelion
687,Image_718.jpg,daisy
688,Image_719.jpg,dandelion
689,Image_72.jpg,tulip
690,Image_720.jpg,daisy
691,Image_721.jpg,sunflower
692,Image_722.jpg,dandelion
693,Image_723.jpg,tulip
694,Image_724.jpg,tulip
695,Image_725.jpg,dandelion
696,Image_726.jpg,sunflower
697,Image_727.jpg,dandelion
698,Image_728.jpg,daisy
699,Image_729.jpg,daisy
700,Image_73.jpg,tulip
701,Image_730.jpg,tulip
702,Image_731.jpg,tulip
703,Image_732.jpg,daisy
704,Image_733.jpg,rose
705,Image_734.jpg,rose
706,Image_735.jpg,sunflower
707,Image_736.jpg,dandelion
708,Image_737.jpg,dandelion
709,Image_738.jpg,rose
710,Image_739.jpg,sunflower
711,Image_74.jpg,sunflower
712,Image_740.jpg,dandelion
713,Image_741.jpg,sunflower
714,Image_742.jpg,rose
715,Image_743.jpg,rose
716,Image_744.jpg,dandelion
717,Image_745.jpg,sunflower
718,Image_746.jpg,dandelion
719,Image_747.jpg,rose
720,Image_748.jpg,sunflower
721,Image_749.jpg,tulip
722,Image_75.jpg,dandelion
723,Image_750.jpg,dandelion
724,Image_751.jpg,sunflower
725,Image_752.jpg,rose
726,Image_753.jpg,dandelion
727,Image_754.jpg,rose
728,Image_755.jpg,dandelion
729,Image_756.jpg,tulip
730,Image_757.jpg,daisy
731,Image_758.jpg,sunflower
732,Image_759.jpg,sunflower
733,Image_76.jpg,sunflower
734,Image_760.jpg,daisy
735,Image_761.jpg,dandelion
736,Image_762.jpg,rose
737,Image_763.jpg,tulip
738,Image_764.jpg,tulip
739,Image_765.jpg,rose
740,Image_766.jpg,daisy
741,Image_767.jpg,daisy
742,Image_768.jpg,dandelion
743,Image_769.jpg,tulip
744,Image_77.jpg,tulip
745,Image_770.jpg,tulip
746,Image_771.jpg,dandelion
747,Image_772.jpg,daisy
748,Image_773.jpg,tulip
749,Image_774.jpg,rose
750,Image_775.jpg,tulip
751,Image_776.jpg,dandelion
752,Image_777.jpg,tulip
753,Image_778.jpg,tulip
754,Image_779.jpg,tulip
755,Image_78.jpg,sunflower
756,Image_780.jpg,rose
757,Image_781.jpg,tulip
758,Image_782.jpg,tulip
759,Image_783.jpg,tulip
760,Image_784.jpg,daisy
761,Image_785.jpg,tulip
762,Image_786.jpg,rose
763,Image_787.jpg,tulip
764,Image_788.jpg,sunflower
765,Image_789.jpg,dandelion
766,Image_79.jpg,tulip
767,Image_790.jpg,dandelion
768,Image_791.jpg,tulip
769,Image_792.jpg,daisy
770,Image_793.jpg,tulip
771,Image_794.jpg,dandelion
772,Image_795.jpg,rose
773,Image_796.jpg,sunflower
774,Image_797.jpg,tulip
775,Image_798.jpg,sunflower
776,Image_799.jpg,rose
777,Image_8.jpg,daisy
778,Image_80.jpg,sunflower
779,Image_800.jpg,dandelion
780,Image_801.jpg,sunflower
781,Image_802.jpg,daisy
782,Image_803.jpg,daisy
783,Image_804.jpg,sunflower
784,Image_805.jpg,sunflower
785,Image_806.jpg,tulip
786,Image_807.jpg,sunflower
787,Image_808.jpg,sunflower
788,Image_809.jpg,tulip
789,Image_81.jpg,rose
790,Image_810.jpg,daisy
791,Image_811.jpg,sunflower
792,Image_812.jpg,sunflower
793,Image_813.jpg,rose
794,Image_814.jpg,tulip
795,Image_815.jpg,sunflower
796,Image_816.jpg,sunflower
797,Image_817.jpg,sunflower
798,Image_818.jpg,dandelion
799,Image_819.jpg,daisy
800,Image_82.jpg,tulip
801,Image_820.jpg,tulip
802,Image_821.jpg,tulip
803,Image_822.jpg,sunflower
804,Image_823.jpg,tulip
805,Image_824.jpg,rose
806,Image_825.jpg,tulip
807,Image_826.jpg,dandelion
808,Image_827.jpg,sunflower
809,Image_828.jpg,tulip
810,Image_829.jpg,dandelion
811,Image_83.jpg,dandelion
812,Image_830.jpg,dandelion
813,Image_831.jpg,rose
814,Image_832.jpg,sunflower
815,Image_833.jpg,daisy
816,Image_834.jpg,sunflower
817,Image_835.jpg,tulip
818,Image_836.jpg,dandelion
819,Image_837.jpg,tulip
820,Image_838.jpg,tulip
821,Image_839.jpg,sunflower
822,Image_84.jpg,tulip
823,Image_840.jpg,tulip
824,Image_841.jpg,daisy
825,Image_842.jpg,sunflower
826,Image_843.jpg,dandelion
827,Image_844.jpg,tulip
828,Image_845.jpg,dandelion
829,Image_846.jpg,tulip
830,Image_847.jpg,sunflower
831,Image_848.jpg,sunflower
832,Image_849.jpg,dandelion
833,Image_85.jpg,dandelion
834,Image_850.jpg,dandelion
835,Image_851.jpg,rose
836,Image_852.jpg,tulip
837,Image_853.jpg,dandelion
838,Image_854.jpg,rose
839,Image_855.jpg,dandelion
840,Image_856.jpg,dandelion
841,Image_857.jpg,dandelion
842,Image_858.jpg,dandelion
843,Image_859.jpg,daisy
844,Image_86.jpg,dandelion
845,Image_860.jpg,rose
846,Image_861.jpg,tulip
847,Image_862.jpg,sunflower
848,Image_863.jpg,sunflower
849,Image_864.jpg,daisy
850,Image_865.jpg,daisy
851,Image_866.jpg,sunflower
852,Image_867.jpg,dandelion
853,Image_868.jpg,sunflower
854,Image_869.jpg,dandelion
855,Image_87.jpg,tulip
856,Image_870.jpg,tulip
857,Image_871.jpg,dandelion
858,Image_872.jpg,dandelion
859,Image_873.jpg,rose
860,Image_874.jpg,sunflower
861,Image_875.jpg,tulip
862,Image_876.jpg,tulip
863,Image_877.jpg,sunflower
864,Image_878.jpg,daisy
865,Image_879.jpg,sunflower
866,Image_88.jpg,tulip
867,Image_880.jpg,sunflower
868,Image_881.jpg,rose
869,Image_882.jpg,sunflower
870,Image_883.jpg,sunflower
871,Image_884.jpg,dandelion
872,Image_885.jpg,sunflower
873,Image_886.jpg,rose
874,Image_887.jpg,rose
875,Image_888.jpg,daisy
876,Image_889.jpg,sunflower
877,Image_89.jpg,dandelion
878,Image_890.jpg,dandelion
879,Image_891.jpg,daisy
880,Image_892.jpg,dandelion
881,Image_893.jpg,daisy
882,Image_894.jpg,dandelion
883,Image_895.jpg,dandelion
884,Image_896.jpg,tulip
885,Image_897.jpg,sunflower
886,Image_898.jpg,dandelion
887,Image_899.jpg,dandelion
888,Image_9.jpg,sunflower
889,Image_90.jpg,tulip
890,Image_900.jpg,dandelion
891,Image_901.jpg,dandelion
892,Image_902.jpg,daisy
893,Image_903.jpg,dandelion
894,Image_904.jpg,sunflower
895,Image_905.jpg,rose
896,Image_906.jpg,dandelion
897,Image_907.jpg,rose
898,Image_908.jpg,sunflower
899,Image_909.jpg,daisy
900,Image_91.jpg,dandelion
901,Image_910.jpg,daisy
902,Image_911.jpg,tulip
903,Image_912.jpg,rose
904,Image_913.jpg,sunflower
905,Image_914.jpg,dandelion
906,Image_915.jpg,rose
907,Image_916.jpg,dandelion
908,Image_917.jpg,rose
909,Image_918.jpg,tulip
910,Image_919.jpg,tulip
911,Image_92.jpg,sunflower
912,Image_920.jpg,daisy
913,Image_921.jpg,tulip
914,Image_922.jpg,dandelion
915,Image_923.jpg,dandelion
916,Image_924.jpg,daisy
917,Image_93.jpg,tulip
918,Image_94.jpg,sunflower
919,Image_95.jpg,daisy
920,Image_96.jpg,rose
921,Image_97.jpg,rose
922,Image_98.jpg,sunflower
923,Image_99.jpg,sunflower
